{
  "HTTP Request - GET Character by ID" : {
    "transaction" : "HTTP Request - GET Character by ID",
    "sampleCount" : 418308,
    "errorCount" : 208802,
    "errorPct" : 49.91585,
    "meanResTime" : 7.297615632500485,
    "medianResTime" : 1.0,
    "minResTime" : 0.0,
    "maxResTime" : 3068.0,
    "pct1ResTime" : 9.0,
    "pct2ResTime" : 12.0,
    "pct3ResTime" : 38.0,
    "throughput" : 1048.3988601418055,
    "receivedKBytesPerSec" : 1307.3872383438973,
    "sentKBytesPerSec" : 82.00280220230353
  },
  "HTTP Request - DELETE Character" : {
    "transaction" : "HTTP Request - DELETE Character",
    "sampleCount" : 418296,
    "errorCount" : 208791,
    "errorPct" : 49.914654,
    "meanResTime" : 9.205892478053684,
    "medianResTime" : 1.0,
    "minResTime" : 0.0,
    "maxResTime" : 3059.0,
    "pct1ResTime" : 9.0,
    "pct2ResTime" : 13.0,
    "pct3ResTime" : 53.9800000000032,
    "throughput" : 1048.3845500274442,
    "receivedKBytesPerSec" : 1309.5652386660977,
    "sentKBytesPerSec" : 94.27788187499844
  },
  "Total" : {
    "transaction" : "Total",
    "sampleCount" : 2091609,
    "errorCount" : 1045018,
    "errorPct" : 49.9624,
    "meanResTime" : 10.759388585534195,
    "medianResTime" : 3.0,
    "minResTime" : 0.0,
    "maxResTime" : 3082.0,
    "pct1ResTime" : 9.0,
    "pct2ResTime" : 11.0,
    "pct3ResTime" : 36.0,
    "throughput" : 5242.114681416839,
    "receivedKBytesPerSec" : 6651.606050662311,
    "sentKBytesPerSec" : 485.2585714658297
  },
  "HTTP Request - GET All Characters" : {
    "transaction" : "HTTP Request - GET All Characters",
    "sampleCount" : 418381,
    "errorCount" : 209816,
    "errorPct" : 50.149506,
    "meanResTime" : 22.356622313154695,
    "medianResTime" : 31.0,
    "minResTime" : 0.0,
    "maxResTime" : 1179.0,
    "pct1ResTime" : 57.0,
    "pct2ResTime" : 61.0,
    "pct3ResTime" : 67.0,
    "throughput" : 1048.57130683883,
    "receivedKBytesPerSec" : 1415.2392695483534,
    "sentKBytesPerSec" : 80.65375208176171
  },
  "HTTP Request - POST Create Character" : {
    "transaction" : "HTTP Request - POST Create Character",
    "sampleCount" : 418319,
    "errorCount" : 208810,
    "errorPct" : 49.91645,
    "meanResTime" : 6.79431725549172,
    "medianResTime" : 1.0,
    "minResTime" : 0.0,
    "maxResTime" : 3082.0,
    "pct1ResTime" : 7.0,
    "pct2ResTime" : 11.0,
    "pct3ResTime" : 33.0,
    "throughput" : 1048.426429271398,
    "receivedKBytesPerSec" : 1313.933834598067,
    "sentKBytesPerSec" : 110.20120990493037
  },
  "HTTP Request - PUT Update Character" : {
    "transaction" : "HTTP Request - PUT Update Character",
    "sampleCount" : 418305,
    "errorCount" : 208799,
    "errorPct" : 49.915493,
    "meanResTime" : 8.140512305614218,
    "medianResTime" : 1.0,
    "minResTime" : 0.0,
    "maxResTime" : 3068.0,
    "pct1ResTime" : 8.0,
    "pct2ResTime" : 12.0,
    "pct3ResTime" : 37.9900000000016,
    "throughput" : 1048.3939688618434,
    "receivedKBytesPerSec" : 1305.5559297586944,
    "sentKBytesPerSec" : 118.12869540828731
  }
}