{
  "HTTP Request - GET Character by ID" : {
    "transaction" : "HTTP Request - GET Character by ID",
    "sampleCount" : 1000,
    "errorCount" : 1000,
    "errorPct" : 100.0,
    "meanResTime" : 5.150999999999998,
    "medianResTime" : 5.0,
    "minResTime" : 1.0,
    "maxResTime" : 26.0,
    "pct1ResTime" : 7.0,
    "pct2ResTime" : 8.0,
    "pct3ResTime" : 12.0,
    "throughput" : 180.27762754642148,
    "receivedKBytesPerSec" : 48.06229718766901,
    "sentKBytesPerSec" : 28.696536416080765
  },
  "Total" : {
    "transaction" : "Total",
    "sampleCount" : 3000,
    "errorCount" : 1000,
    "errorPct" : 33.333332,
    "meanResTime" : 829.6153333333324,
    "medianResTime" : 6.0,
    "minResTime" : 0.0,
    "maxResTime" : 4570.0,
    "pct1ResTime" : 3467.5000000000005,
    "pct2ResTime" : 4149.0,
    "pct3ResTime" : 4476.959999999999,
    "throughput" : 538.6963548213324,
    "receivedKBytesPerSec" : 132105.44875931495,
    "sentKBytesPerSec" : 93.97410610073622
  },
  "HTTP Request - GET All Characters" : {
    "transaction" : "HTTP Request - GET All Characters",
    "sampleCount" : 1000,
    "errorCount" : 0,
    "errorPct" : 0.0,
    "meanResTime" : 2477.4719999999984,
    "medianResTime" : 2483.5,
    "minResTime" : 17.0,
    "maxResTime" : 4570.0,
    "pct1ResTime" : 4279.9,
    "pct2ResTime" : 4426.849999999999,
    "pct3ResTime" : 4539.99,
    "throughput" : 179.72681524083393,
    "receivedKBytesPerSec" : 132127.82297470345,
    "sentKBytesPerSec" : 27.731285945363048
  },
  "HTTP Request - POST Create Character" : {
    "transaction" : "HTTP Request - POST Create Character",
    "sampleCount" : 1000,
    "errorCount" : 0,
    "errorPct" : 0.0,
    "meanResTime" : 6.223000000000001,
    "medianResTime" : 5.0,
    "minResTime" : 0.0,
    "maxResTime" : 28.0,
    "pct1ResTime" : 9.0,
    "pct2ResTime" : 13.0,
    "pct3ResTime" : 16.0,
    "throughput" : 180.21265092809517,
    "receivedKBytesPerSec" : 48.55569415660479,
    "sentKBytesPerSec" : 37.82037022436475
  }
}