{
  "HTTP Request - GET Character by ID" : {
    "transaction" : "HTTP Request - GET Character by ID",
    "sampleCount" : 100,
    "errorCount" : 100,
    "errorPct" : 100.0,
    "meanResTime" : 2.4500000000000006,
    "medianResTime" : 1.0,
    "minResTime" : 0.0,
    "maxResTime" : 19.0,
    "pct1ResTime" : 6.0,
    "pct2ResTime" : 7.949999999999989,
    "pct3ResTime" : 18.929999999999964,
    "throughput" : 87.79631255487269,
    "receivedKBytesPerSec" : 23.406634108867426,
    "sentKBytesPerSec" : 13.975389596136962
  },
  "HTTP Request - DELETE Character" : {
    "transaction" : "HTTP Request - DELETE Character",
    "sampleCount" : 100,
    "errorCount" : 100,
    "errorPct" : 100.0,
    "meanResTime" : 1.6400000000000012,
    "medianResTime" : 1.0,
    "minResTime" : 0.0,
    "maxResTime" : 10.0,
    "pct1ResTime" : 5.0,
    "pct2ResTime" : 6.0,
    "pct3ResTime" : 9.989999999999995,
    "throughput" : 88.261253309797,
    "receivedKBytesPerSec" : 23.530588040600176,
    "sentKBytesPerSec" : 15.945636584289497
  },
  "Total" : {
    "transaction" : "Total",
    "sampleCount" : 500,
    "errorCount" : 300,
    "errorPct" : 60.0,
    "meanResTime" : 9.882,
    "medianResTime" : 1.0,
    "minResTime" : 0.0,
    "maxResTime" : 1160.0,
    "pct1ResTime" : 7.0,
    "pct2ResTime" : 10.0,
    "pct3ResTime" : 24.99000000000001,
    "throughput" : 427.3504273504273,
    "receivedKBytesPerSec" : 61226.27620860043,
    "sentKBytesPerSec" : 79.20255742521368
  },
  "HTTP Request - GET All Characters" : {
    "transaction" : "HTTP Request - GET All Characters",
    "sampleCount" : 100,
    "errorCount" : 0,
    "errorPct" : 0.0,
    "meanResTime" : 41.86,
    "medianResTime" : 6.0,
    "minResTime" : 4.0,
    "maxResTime" : 1160.0,
    "pct1ResTime" : 17.0,
    "pct2ResTime" : 24.94999999999999,
    "pct3ResTime" : 1159.95,
    "throughput" : 86.13264427217916,
    "receivedKBytesPerSec" : 61608.80134313092,
    "sentKBytesPerSec" : 13.289997846683892
  },
  "HTTP Request - POST Create Character" : {
    "transaction" : "HTTP Request - POST Create Character",
    "sampleCount" : 100,
    "errorCount" : 0,
    "errorPct" : 0.0,
    "meanResTime" : 1.6500000000000006,
    "medianResTime" : 1.0,
    "minResTime" : 0.0,
    "maxResTime" : 12.0,
    "pct1ResTime" : 4.0,
    "pct2ResTime" : 6.949999999999989,
    "pct3ResTime" : 11.97999999999999,
    "throughput" : 87.33624454148472,
    "receivedKBytesPerSec" : 23.53217112445415,
    "sentKBytesPerSec" : 18.329523744541483
  },
  "HTTP Request - PUT Update Character" : {
    "transaction" : "HTTP Request - PUT Update Character",
    "sampleCount" : 100,
    "errorCount" : 100,
    "errorPct" : 100.0,
    "meanResTime" : 1.8100000000000003,
    "medianResTime" : 1.0,
    "minResTime" : 0.0,
    "maxResTime" : 12.0,
    "pct1ResTime" : 6.0,
    "pct2ResTime" : 7.949999999999989,
    "pct3ResTime" : 11.969999999999985,
    "throughput" : 88.0281690140845,
    "receivedKBytesPerSec" : 23.468447403169016,
    "sentKBytesPerSec" : 19.600022007042256
  }
}